{
  "livres": [
    {
      "titre": "Les profs",
      "auteurs": "George Orwell",
      "isbn": "978-2-07-036822-8",
      "image": "/img/bd1.jpg",
      "editeur": "Gallimard",
      "datePublication": "1949",
      "genre": "Dystopie, Science-fiction",
      "resume": "Un homme lutte contre un régime totalitaire oppressif dans un monde dystopique.",
      "langue": "Français",
      "nombrePages": 368,
      "disponibilite": false,
      "etat": "Endommagé",
      "emplacement": "Réserves"
    },
    {
      "titre": "Livingston contra Fumake",
      "auteurs": "Marcel Martin",
      "isbn": "978-2-07-036824-8",
      "image": "/img/bd3.jpg",
      "editeur": "Gallimard",
      "datePublication": "1990",
      "genre": "Dystopie, Science-fiction",
      "resume": "Un homme lutte contre un régime totalitaire oppressif dans un monde dystopique.",
      "langue": "Français",
      "nombrePages": 368,
      "disponibilite": false,
      "etat": "Endommagé",
      "emplacement": "Réserves"
    },
    {
      "titre": "Le livre jeu des dinos",
      "auteurs": "Darren Tulette",
      "isbn": "978-2-07-036822-5",
      "image": "/img/dino2.jpg",
      "editeur": "Gallimard",
      "datePublication": "1920",
      "genre": "Dystopie, Science-fiction",
      "resume": "Un homme lutte contre un régime totalitaire oppressif dans un monde dystopique.",
      "langue": "Français",
      "nombrePages": 368,
      "disponibilite": false,
      "etat": "Endommagé",
      "emplacement": "Réserves"
    },
    {
      "titre": "An adventure of Sherlock Holmes",
      "auteurs": "Martin Lunin",
      "isbn": "978-2-07-036822-3",
      "image": "/img/bd7.jpg",
      "editeur": "Gallimard",
      "datePublication": "1950",
      "genre": "Dystopie, Science-fiction",
      "resume": "Un homme lutte contre un régime totalitaire oppressif dans un monde dystopique.",
      "langue": "Français",
      "nombrePages": 368,
      "disponibilite": false,
      "etat": "Endommagé",
      "emplacement": "Réserves"
    },
    {
      "titre": "Comics Magazine",
      "auteurs": "George Gabriel",
      "isbn": "978-2-07-036822-9",
      "image": "/img/bd4.jpg",
      "editeur": "Gallimard",
      "datePublication": "1945",
      "genre": "Dystopie, Science-fiction",
      "resume": "Un homme lutte contre un régime totalitaire oppressif dans un monde dystopique.",
      "langue": "Français",
      "nombrePages": 368,
      "disponibilite": false,
      "etat": "Endommagé",
      "emplacement": "Réserves"
    },
    {
      "titre": "Les profs grève party",
      "auteurs": "Gregoire Margoton",
      "isbn": "978-2-07-036822-0",
      "image": "/img/bd2.jpg",
      "editeur": "Gallimard",
      "datePublication": "1941",
      "genre": "Dystopie, Science-fiction",
      "resume": "Un homme lutte contre un régime totalitaire oppressif dans un monde dystopique.",
      "langue": "Français",
      "nombrePages": 368,
      "disponibilite": false,
      "etat": "Endommagé",
      "emplacement": "Réserves"
    }
  ]
}
